{"stats":{"minecraft:mined":{"minecraft:spruce_leaves":4,"minecraft:powder_snow":1},"minecraft:used":{"minecraft:bucket":9,"minecraft:water_bucket":1,"minecraft:snowball":17,"minecraft:powder_snow_bucket":16,"minecraft:enchanted_golden_apple":1},"minecraft:custom":{"minecraft:jump":13,"minecraft:time_since_rest":3570,"minecraft:leave_game":1,"minecraft:crouch_one_cm":10,"minecraft:damage_absorbed":152,"minecraft:walk_on_water_one_cm":543,"minecraft:play_time":3570,"minecraft:damage_taken":70,"minecraft:time_since_death":3570,"minecraft:walk_one_cm":3650,"minecraft:sneak_time":205,"minecraft:total_world_time":3570,"minecraft:damage_resisted":38,"minecraft:fly_one_cm":268}},"DataVersion":3120}